bID_mID_oID,object_type,entity_path,reader_path,writer_path,namespaces,reader_relation_types,writer_relation_types,writer_argvs,reader_argvs,CNS_event_count,priviledged_flow
61_1851734740_31856810,file,"['/var/lib/docker/volumes/086e05398ec5faf0b032260465e2030d0a8539982842bab1b50b17b51451aafe/_data/lib/containerd/io.containerd.snapshotter.v1.overlayfs/snapshots/105/fs/run/utmp', '/run/utmp']","['/usr/local/bin/containerd-shim-runc-v2', '/', '/bin/su']","['/', '/bin/su']","[1, 1, 1, 1, 1]","['read', 'perm_check', 'open']",['file_lock'],['su'],['su'],287,1
61_1851734740_32117559,file,"['/var/lib/docker/volumes/086e05398ec5faf0b032260465e2030d0a8539982842bab1b50b17b51451aafe/_data/lib/containerd/io.containerd.snapshotter.v1.overlayfs/snapshots/147/fs/run/utmp', '/run/utmp']","['/usr/local/bin/containerd-shim-runc-v2', '/', '/bin/su']","['/', '/bin/su']","[0, 0, 0, 0, 0]","['open', 'perm_check', 'read']",['file_lock'],['su'],['su'],457,0
61_1851734740_32131412,file,"['/var/lib/docker/volumes/086e05398ec5faf0b032260465e2030d0a8539982842bab1b50b17b51451aafe/_data/lib/containerd/io.containerd.snapshotter.v1.overlayfs/snapshots/148/fs/etc/group', '/etc/group']","['/bin/bash', '/usr/local/bin/containerd-shim-runc-v2', '/', '/bin/su']","['/bin/bash', '/', '/bin/su']","[1, 1, 1, 1, 1]","['open', 'read', 'getattr', 'perm_check', 'mmap']",['munmap'],"['groups', 'su']","['groups', 'su']",1782,0
61_1851734740_32131437,file,"['/etc/passwd', '/var/lib/docker/volumes/086e05398ec5faf0b032260465e2030d0a8539982842bab1b50b17b51451aafe/_data/lib/containerd/io.containerd.snapshotter.v1.overlayfs/snapshots/148/fs/etc/passwd']","['/', '/bin/bash', '/bin/su', '/usr/local/bin/containerd-shim-runc-v2', '/usr/local/bin/gosu', '/usr/local/bin/containerd']","['/bin/bash', '/', '/usr/local/bin/gosu', '/bin/su']","[1, 1, 1, 1, 1]","['open', 'read', 'perm_check', 'mmap', 'getattr']",['munmap'],"['/data/configdb', '/usr/local/bin/docker-entrypoint.sh', 'mongodb', 'mongod', '/proc/1/fd/1', 'bash', '/bin/bash', '--dereference', 'find', '-user', '-exec', 'chown', '{}', 'docker-entrypoint.sh', '!', '+', 'su', '/proc/1/fd/2', '/data/db']","['/data/configdb', '/usr/local/bin/docker-entrypoint.sh', 'gosu', 'mongodb', 'mongod', '/proc/1/fd/1', '/bin/bash', 'bash', '--dereference', 'find', '-user', '-exec', 'chown', '{}', 'docker-entrypoint.sh', '!', '+', 'su', '/proc/1/fd/2', '/data/db']",5536,1
61_1851734740_32131447,file,"['/etc/shadow', '/var/lib/docker/volumes/086e05398ec5faf0b032260465e2030d0a8539982842bab1b50b17b51451aafe/_data/lib/containerd/io.containerd.snapshotter.v1.overlayfs/snapshots/148/fs/etc/shadow']","['/usr/local/bin/containerd-shim-runc-v2', '/', '/bin/su']","['/', '/bin/su']","[0, 0, 0, 0, 0]","['open', 'mmap', 'getattr', 'perm_check']",['munmap'],['su'],['su'],518,0
61_1851734740_32146481,file,"['/usr/local/bin/docker-entrypoint.sh', '/var/lib/docker/volumes/086e05398ec5faf0b032260465e2030d0a8539982842bab1b50b17b51451aafe/_data/lib/containerd/io.containerd.snapshotter.v1.overlayfs/snapshots/156/fs/usr/local/bin/docker-entrypoint.sh']","['/bin/bash', '/usr/local/bin/containerd-shim-runc-v2', '/', '/usr/local/bin/gosu']","['/', '/usr/local/bin/gosu']","[1, 1, 1, 1, 1]","['open', 'read', 'read_ioctl', 'perm_check', 'getattr']",['write_ioctl'],"['mongod', '/usr/local/bin/docker-entrypoint.sh', 'docker-entrypoint.sh', '/bin/bash']","['/usr/local/bin/docker-entrypoint.sh', '--bind_ip_all', '/bin/bash', '--interleave=all', 'gosu', 'docker-entrypoint.sh', 'numactl', 'mongodb', 'mongod']",255,1
61_1851734740_39455679,file,['/var/lib/docker/volumes/086e05398ec5faf0b032260465e2030d0a8539982842bab1b50b17b51451aafe/_data/lib/containerd/io.containerd.grpc.v1.cri/sandboxes/fa33d29c75f160c0cf9dd99c6714524ef3c7db851c0c0c6b7ce3ec3d79a2d589/hostname'],"['/usr/local/bin/containerd-shim-runc-v2', '/']",['/usr/local/bin/containerd'],"[1, 1, 1, 1, 1]",['getattr'],['write'],[],['frontend'],2,0
61_1851734740_39455681,file,['/var/lib/docker/volumes/086e05398ec5faf0b032260465e2030d0a8539982842bab1b50b17b51451aafe/_data/lib/containerd/io.containerd.grpc.v1.cri/sandboxes/fa33d29c75f160c0cf9dd99c6714524ef3c7db851c0c0c6b7ce3ec3d79a2d589/resolv.conf'],"['/usr/local/bin/containerd-shim-runc-v2', '/']",['/usr/local/bin/containerd'],"[1, 1, 1, 1, 1]","['open', 'getattr', 'perm_check', 'read']",['write'],[],['frontend'],12,0
61_1851734740_39456758,file,['/var/lib/docker/volumes/086e05398ec5faf0b032260465e2030d0a8539982842bab1b50b17b51451aafe/_data/lib/containerd/io.containerd.grpc.v1.cri/sandboxes/22db0e4b1a73c96d67546ef9dcb0eadb33fee45b5a945f7f2197be052c0a177d/hostname'],"['/usr/local/bin/containerd-shim-runc-v2', '/']",['/usr/local/bin/containerd'],"[1, 1, 1, 1, 1]",['getattr'],['write'],[],['geo'],4,0
61_1851734740_39456760,file,['/var/lib/docker/volumes/086e05398ec5faf0b032260465e2030d0a8539982842bab1b50b17b51451aafe/_data/lib/containerd/io.containerd.grpc.v1.cri/sandboxes/22db0e4b1a73c96d67546ef9dcb0eadb33fee45b5a945f7f2197be052c0a177d/resolv.conf'],"['/usr/local/bin/containerd-shim-runc-v2', '/']",['/usr/local/bin/containerd'],"[1, 1, 1, 1, 1]","['open', 'getattr', 'perm_check', 'read']",['write'],[],['geo'],23,0
61_1851734740_39459137,file,['/var/lib/docker/volumes/086e05398ec5faf0b032260465e2030d0a8539982842bab1b50b17b51451aafe/_data/lib/containerd/io.containerd.grpc.v1.cri/sandboxes/d1116b5b1ad0ae3cf2af035b6d4189e08df613a1e2accfa288e6053197926bf5/hostname'],"['/usr/local/bin/containerd-shim-runc-v2', '/']",['/usr/local/bin/containerd'],"[1, 1, 1, 1, 1]",['getattr'],['write'],[],"['-client', '/bin/sh', '/usr/local/bin/docker-entrypoint.sh', '-dev', '0.0.0.0', '/usr/bin/dumb-init', 'agent', 'docker-entrypoint.sh']",2,0
61_1851734740_39459139,file,['/var/lib/docker/volumes/086e05398ec5faf0b032260465e2030d0a8539982842bab1b50b17b51451aafe/_data/lib/containerd/io.containerd.grpc.v1.cri/sandboxes/d1116b5b1ad0ae3cf2af035b6d4189e08df613a1e2accfa288e6053197926bf5/resolv.conf'],"['/usr/local/bin/containerd-shim-runc-v2', '/']",['/usr/local/bin/containerd'],"[1, 1, 1, 1, 1]",['getattr'],['write'],[],"['-client', '/bin/sh', '/usr/local/bin/docker-entrypoint.sh', '-dev', '0.0.0.0', '/usr/bin/dumb-init', 'agent', 'docker-entrypoint.sh']",5,0
61_1851734740_39460331,file,['/var/lib/docker/volumes/086e05398ec5faf0b032260465e2030d0a8539982842bab1b50b17b51451aafe/_data/lib/containerd/io.containerd.grpc.v1.cri/sandboxes/a2b40d1919f583d26f5caee128ceb6283ed987027732f13cd66d78b8a4d9d4fb/hostname'],"['/usr/local/bin/containerd-shim-runc-v2', '/']",['/usr/local/bin/containerd'],"[1, 1, 1, 1, 1]",['getattr'],['write'],[],"['docker-entrypoint.sh', '/bin/sh', 'memcached', '/usr/local/bin/docker-entrypoint.sh']",2,0
61_1851734740_39460333,file,['/var/lib/docker/volumes/086e05398ec5faf0b032260465e2030d0a8539982842bab1b50b17b51451aafe/_data/lib/containerd/io.containerd.grpc.v1.cri/sandboxes/a2b40d1919f583d26f5caee128ceb6283ed987027732f13cd66d78b8a4d9d4fb/resolv.conf'],"['/usr/local/bin/containerd-shim-runc-v2', '/']",['/usr/local/bin/containerd'],"[1, 1, 1, 1, 1]",['getattr'],['write'],[],"['docker-entrypoint.sh', '/bin/sh', 'memcached', '/usr/local/bin/docker-entrypoint.sh']",5,0
61_1851734740_39461308,file,['/var/lib/docker/volumes/086e05398ec5faf0b032260465e2030d0a8539982842bab1b50b17b51451aafe/_data/lib/containerd/io.containerd.grpc.v1.cri/sandboxes/517c75d1a19de8b70bff589c54e8c0c1ffb8166df9d63ce0851e1461512b9416/hostname'],"['/usr/local/bin/containerd-shim-runc-v2', '/']",['/usr/local/bin/containerd'],"[1, 1, 1, 1, 1]",['getattr'],['write'],[],['/go/bin/all-in-one-linux'],2,0
61_1851734740_39461310,file,['/var/lib/docker/volumes/086e05398ec5faf0b032260465e2030d0a8539982842bab1b50b17b51451aafe/_data/lib/containerd/io.containerd.grpc.v1.cri/sandboxes/517c75d1a19de8b70bff589c54e8c0c1ffb8166df9d63ce0851e1461512b9416/resolv.conf'],"['/usr/local/bin/containerd-shim-runc-v2', '/']",['/usr/local/bin/containerd'],"[1, 1, 1, 1, 1]","['open', 'getattr', 'perm_check', 'read']",['write'],[],['/go/bin/all-in-one-linux'],9,0
61_1851734740_39462566,file,['/var/lib/docker/volumes/086e05398ec5faf0b032260465e2030d0a8539982842bab1b50b17b51451aafe/_data/lib/containerd/io.containerd.grpc.v1.cri/sandboxes/b78fb6217f86f381163bb96c87d626fe95cfc0ac491a2c1d532cb953ec83aa40/hostname'],"['/usr/local/bin/containerd-shim-runc-v2', '/']",['/usr/local/bin/containerd'],"[1, 1, 1, 1, 1]",['getattr'],['write'],[],"['mongod', '/bin/bash', '/usr/local/bin/docker-entrypoint.sh', 'docker-entrypoint.sh']",2,0
61_1851734740_39462568,file,['/var/lib/docker/volumes/086e05398ec5faf0b032260465e2030d0a8539982842bab1b50b17b51451aafe/_data/lib/containerd/io.containerd.grpc.v1.cri/sandboxes/b78fb6217f86f381163bb96c87d626fe95cfc0ac491a2c1d532cb953ec83aa40/resolv.conf'],"['/usr/local/bin/containerd-shim-runc-v2', '/', '/bin/su']",['/usr/local/bin/containerd'],"[1, 1, 1, 1, 1]","['open', 'getattr', 'perm_check', 'read']",['write'],[],"['/usr/local/bin/docker-entrypoint.sh', 'bash', '/bin/bash', 'docker-entrypoint.sh', 'mongod']",65,0
61_1851734740_39463152,file,['/var/lib/docker/volumes/086e05398ec5faf0b032260465e2030d0a8539982842bab1b50b17b51451aafe/_data/lib/kubelet/pods/b60545b4-afdf-4e43-9f15-ec851dd5a3ca/etc-hosts'],"['/usr/local/bin/containerd-shim-runc-v2', '/', '/bin/su']","['/usr/bin/local-path-provisioner', '/', '/usr/bin/kubelet']","[1, 1, 1, 1, 1]","['read', 'getattr', 'perm_check', 'open']",['write'],"['frontend', '/pause']","['/usr/local/bin/docker-entrypoint.sh', 'bash', '/bin/bash', 'docker-entrypoint.sh', 'mongod']",50,0
61_1851734740_39467663,file,['/var/lib/docker/volumes/086e05398ec5faf0b032260465e2030d0a8539982842bab1b50b17b51451aafe/_data/lib/kubelet/pods/a384e198-43a6-4115-b1e5-d219b3ad62da/etc-hosts'],"['/usr/local/bin/containerd-shim-runc-v2', '/']","['/usr/bin/kubelet', '/', '/sbin/su-exec', '/usr/local/bin/gosu', '/coredns']","[1, 1, 1, 1, 1]","['open', 'getattr', 'perm_check', 'read']",['write'],"['/usr/local/bin/docker-entrypoint.sh', '-client', '/bin/sh', '-dev', '0.0.0.0', '/bin/bash', '/usr/bin/dumb-init', '/pause', 'agent', 'docker-entrypoint.sh', 'mongod', '-config-dir=/consul/config', 'consul', '-data-dir=/consul/data']",['frontend'],9,0
61_1851734740_39468682,,['/var/lib/docker/volumes/086e05398ec5faf0b032260465e2030d0a8539982842bab1b50b17b51451aafe/_data/lib/containerd/io.containerd.grpc.v1.cri/sandboxes/d11f64318fb7e9bf1ae7f5259be3f49268c651a3fae85c40354f067008b45ce4/hostname'],"['/usr/local/bin/containerd-shim-runc-v2', '/']",['/usr/local/bin/containerd'],"[1, 1, 1, 1, 1]",['getattr'],['write'],[],['profile'],4,0
61_1851734740_39468684,,['/var/lib/docker/volumes/086e05398ec5faf0b032260465e2030d0a8539982842bab1b50b17b51451aafe/_data/lib/containerd/io.containerd.grpc.v1.cri/sandboxes/d11f64318fb7e9bf1ae7f5259be3f49268c651a3fae85c40354f067008b45ce4/resolv.conf'],"['/usr/local/bin/containerd-shim-runc-v2', '/']",['/usr/local/bin/containerd'],"[1, 1, 1, 1, 1]","['open', 'getattr', 'perm_check', 'read']",['write'],[],['profile'],22,0
61_1851734740_39469868,file,['/var/lib/docker/volumes/086e05398ec5faf0b032260465e2030d0a8539982842bab1b50b17b51451aafe/_data/lib/containerd/io.containerd.grpc.v1.cri/sandboxes/e0774926d63617bda2839c6ec4bc64b73b946ff7206a8d564535679aee2acb3f/hostname'],"['/usr/local/bin/containerd-shim-runc-v2', '/']",['/usr/local/bin/containerd'],"[1, 1, 1, 1, 1]",['getattr'],['write'],[],['rate'],4,0
61_1851734740_39469870,file,['/var/lib/docker/volumes/086e05398ec5faf0b032260465e2030d0a8539982842bab1b50b17b51451aafe/_data/lib/containerd/io.containerd.grpc.v1.cri/sandboxes/e0774926d63617bda2839c6ec4bc64b73b946ff7206a8d564535679aee2acb3f/resolv.conf'],"['/usr/local/bin/containerd-shim-runc-v2', '/']",['/usr/local/bin/containerd'],"[1, 1, 1, 1, 1]","['open', 'getattr', 'perm_check', 'read']",['write'],[],['rate'],22,0
61_1851734740_39470845,file,['/var/lib/docker/volumes/086e05398ec5faf0b032260465e2030d0a8539982842bab1b50b17b51451aafe/_data/lib/containerd/io.containerd.grpc.v1.cri/sandboxes/9070b42eb0f780ab96aa375944ed05b9697bc9f5c679b4f1b728381b5700bf57/hostname'],"['/usr/local/bin/containerd-shim-runc-v2', '/']",['/usr/local/bin/containerd'],"[1, 1, 1, 1, 1]",['getattr'],['write'],[],[],2,0
61_1851734740_39470847,file,['/var/lib/docker/volumes/086e05398ec5faf0b032260465e2030d0a8539982842bab1b50b17b51451aafe/_data/lib/containerd/io.containerd.grpc.v1.cri/sandboxes/9070b42eb0f780ab96aa375944ed05b9697bc9f5c679b4f1b728381b5700bf57/resolv.conf'],"['/usr/local/bin/containerd-shim-runc-v2', '/', '/bin/su']",['/usr/local/bin/containerd'],"[1, 1, 1, 1, 1]","['open', 'getattr', 'perm_check', 'read']",['write'],[],['bash'],65,0
61_1851734740_39471444,file,['/var/lib/docker/volumes/086e05398ec5faf0b032260465e2030d0a8539982842bab1b50b17b51451aafe/_data/lib/kubelet/pods/314d42be-4c13-4121-8b88-d3bee04f84d8/etc-hosts'],"['/usr/local/bin/containerd-shim-runc-v2', '/', '/bin/su']","['/usr/bin/local-path-provisioner', '/', '/usr/bin/kubelet', '/usr/local/bin/kube-scheduler', '/bin/bash', '/bin/dash', '/coredns']","[1, 1, 1, 1, 1]","['open', 'getattr', 'perm_check', 'read']",['write'],"['/usr/local/bin/docker-entrypoint.sh', 'gosu', '/pause', 'mongodb', 'mongod', 'memcached']",['bash'],50,0
61_1851734740_39472246,file,['/var/lib/docker/volumes/086e05398ec5faf0b032260465e2030d0a8539982842bab1b50b17b51451aafe/_data/lib/containerd/io.containerd.grpc.v1.cri/sandboxes/f72fab53330fc351f48b4e6d19b6b5be89f508dc36eea5ccf4c7b12f9ac0d2e2/hostname'],"['/usr/local/bin/containerd-shim-runc-v2', '/']",['/usr/local/bin/containerd'],"[1, 1, 1, 1, 1]",['getattr'],['write'],[],['reservation'],4,0
61_1851734740_39472249,file,['/var/lib/docker/volumes/086e05398ec5faf0b032260465e2030d0a8539982842bab1b50b17b51451aafe/_data/lib/containerd/io.containerd.grpc.v1.cri/sandboxes/f72fab53330fc351f48b4e6d19b6b5be89f508dc36eea5ccf4c7b12f9ac0d2e2/resolv.conf'],"['/usr/local/bin/containerd-shim-runc-v2', '/']",['/usr/local/bin/containerd'],"[1, 1, 1, 1, 1]","['open', 'getattr', 'perm_check', 'read']",['write'],[],['reservation'],22,0
61_1851734740_39476974,file,['/var/lib/docker/volumes/086e05398ec5faf0b032260465e2030d0a8539982842bab1b50b17b51451aafe/_data/lib/containerd/io.containerd.grpc.v1.cri/sandboxes/9350b9e5f0bb6cd0b1ed7437f7b377404d898d5b2edc6e815d80090deb6399f0/hostname'],"['/usr/local/bin/containerd-shim-runc-v2', '/']",['/usr/local/bin/containerd'],"[1, 1, 1, 1, 1]",['getattr'],['write'],[],['recommendation'],2,0
61_1851734740_39476976,,['/var/lib/docker/volumes/086e05398ec5faf0b032260465e2030d0a8539982842bab1b50b17b51451aafe/_data/lib/containerd/io.containerd.grpc.v1.cri/sandboxes/9350b9e5f0bb6cd0b1ed7437f7b377404d898d5b2edc6e815d80090deb6399f0/resolv.conf'],"['/usr/local/bin/containerd-shim-runc-v2', '/']",['/usr/local/bin/containerd'],"[1, 1, 1, 1, 1]","['open', 'getattr', 'perm_check', 'read']",['write'],[],['recommendation'],17,0
61_1851734740_39477657,file,['/var/lib/docker/volumes/086e05398ec5faf0b032260465e2030d0a8539982842bab1b50b17b51451aafe/_data/lib/kubelet/pods/7c3d8229-b5bd-4452-b228-1f331b5a1b86/etc-hosts'],"['/usr/local/bin/containerd-shim-runc-v2', '/']","['/usr/bin/bash', '/usr/bin/kubelet', '/usr/bin/local-path-provisioner', '/', '/usr/local/bin/kube-scheduler', '/usr/local/bin/kube-controller-manager', '/usr/local/bin/kube-apiserver', '/usr/local/bin/kube-proxy', '/sbin/su-exec', '/bin/busybox', '/usr/bin/numactl', '/bin/dash', '/bin/su', '/usr/local/bin/etcd', '/bin/kindnetd', '/coredns']","[1, 1, 1, 1, 1]","['read', 'getattr', 'perm_check', 'open']",['write'],"['-client', '/usr/local/bin/docker-entrypoint.sh', '--timeout=1h', 'geo', 'ash', 'default', 'mongod', '-n', '--all', '--bind_ip_all', 'profile', '--for=condition=available', 'bash', '/bin/bash', 'rate', '/pause', 'wait', 'agent', 'user', 'kubectl', '-config-dir=/consul/config', 'frontend', '/go/bin/all-in-one-linux', 'memcached', '/bin/sh', 'reservation', '0.0.0.0', 'recommendation', '/usr/bin/dumb-init', 'docker-entrypoint.sh', 'search', 'consul', '-data-dir=/consul/data', '-dev', 'deployments', 'su']",['geo'],20,0
61_1851734740_39479050,,['/var/lib/docker/volumes/086e05398ec5faf0b032260465e2030d0a8539982842bab1b50b17b51451aafe/_data/lib/containerd/io.containerd.grpc.v1.cri/sandboxes/3f8f1d4350ddc7c9d959fc1d40f507f47ce66c044b78e0ec0635e70215450dd0/hostname'],"['/usr/local/bin/containerd-shim-runc-v2', '/']",['/usr/local/bin/containerd'],"[1, 1, 1, 1, 1]",['getattr'],['write'],[],['search'],2,0
61_1851734740_39479052,,['/var/lib/docker/volumes/086e05398ec5faf0b032260465e2030d0a8539982842bab1b50b17b51451aafe/_data/lib/containerd/io.containerd.grpc.v1.cri/sandboxes/3f8f1d4350ddc7c9d959fc1d40f507f47ce66c044b78e0ec0635e70215450dd0/resolv.conf'],"['/usr/local/bin/containerd-shim-runc-v2', '/']",['/usr/local/bin/containerd'],"[1, 1, 1, 1, 1]","['read', 'getattr', 'perm_check', 'open']",['write'],[],['search'],9,0
61_1851734740_39479939,file,['/var/lib/docker/volumes/086e05398ec5faf0b032260465e2030d0a8539982842bab1b50b17b51451aafe/_data/lib/containerd/io.containerd.grpc.v1.cri/sandboxes/42239e9aeaa76920d20db69daeb9afcf60c93373c97792fcd2781a59564b6216/hostname'],"['/usr/local/bin/containerd-shim-runc-v2', '/']",['/usr/local/bin/containerd'],"[1, 1, 1, 1, 1]",['getattr'],['write'],[],"['/usr/local/bin/docker-entrypoint.sh', '/bin/sh', 'docker-entrypoint.sh', 'memcached']",2,0
61_1851734740_39479941,file,['/var/lib/docker/volumes/086e05398ec5faf0b032260465e2030d0a8539982842bab1b50b17b51451aafe/_data/lib/containerd/io.containerd.grpc.v1.cri/sandboxes/42239e9aeaa76920d20db69daeb9afcf60c93373c97792fcd2781a59564b6216/resolv.conf'],"['/usr/local/bin/containerd-shim-runc-v2', '/']",['/usr/local/bin/containerd'],"[1, 1, 1, 1, 1]",['getattr'],['write'],[],"['/usr/local/bin/docker-entrypoint.sh', '/bin/sh', 'docker-entrypoint.sh', 'memcached']",5,0
61_1851734740_39480683,file,['/var/lib/docker/volumes/086e05398ec5faf0b032260465e2030d0a8539982842bab1b50b17b51451aafe/_data/lib/containerd/io.containerd.grpc.v1.cri/sandboxes/2b883c7cc66681eea400e748307b8a263ab485cfdbca09e08d81bc86f6d5561a/hostname'],"['/usr/local/bin/containerd-shim-runc-v2', '/']",['/usr/local/bin/containerd'],"[1, 1, 1, 1, 1]",['getattr'],['write'],[],"['docker-entrypoint.sh', '/bin/sh', 'memcached', '/usr/local/bin/docker-entrypoint.sh']",2,0
61_1851734740_39480697,file,['/var/lib/docker/volumes/086e05398ec5faf0b032260465e2030d0a8539982842bab1b50b17b51451aafe/_data/lib/containerd/io.containerd.grpc.v1.cri/sandboxes/2b883c7cc66681eea400e748307b8a263ab485cfdbca09e08d81bc86f6d5561a/resolv.conf'],"['/usr/local/bin/containerd-shim-runc-v2', '/']",['/usr/local/bin/containerd'],"[1, 1, 1, 1, 1]",['getattr'],['write'],[],"['docker-entrypoint.sh', '/bin/sh', 'memcached', '/usr/local/bin/docker-entrypoint.sh']",5,0
61_1851734740_39481983,file,['/var/lib/docker/volumes/086e05398ec5faf0b032260465e2030d0a8539982842bab1b50b17b51451aafe/_data/lib/containerd/io.containerd.grpc.v1.cri/sandboxes/b9463b615c8f7fc67e88527feffe22c68c2e7745287cef595ed675a39fe4d792/hostname'],"['/usr/local/bin/containerd-shim-runc-v2', '/']",['/usr/local/bin/containerd'],"[1, 1, 1, 1, 1]",['getattr'],['write'],[],"['mongod', 'docker-entrypoint.sh', '/usr/local/bin/docker-entrypoint.sh', '/bin/bash']",2,0
61_1851734740_39481985,file,['/var/lib/docker/volumes/086e05398ec5faf0b032260465e2030d0a8539982842bab1b50b17b51451aafe/_data/lib/containerd/io.containerd.grpc.v1.cri/sandboxes/b9463b615c8f7fc67e88527feffe22c68c2e7745287cef595ed675a39fe4d792/resolv.conf'],"['/usr/local/bin/containerd-shim-runc-v2', '/', '/bin/su']",['/usr/local/bin/containerd'],"[1, 1, 1, 1, 1]","['open', 'getattr', 'perm_check', 'read']",['write'],[],"['/usr/local/bin/docker-entrypoint.sh', 'bash', '/bin/bash', 'docker-entrypoint.sh', 'mongod']",65,0
61_1851734740_39482580,file,['/var/lib/docker/volumes/086e05398ec5faf0b032260465e2030d0a8539982842bab1b50b17b51451aafe/_data/lib/kubelet/pods/ce4df447-084c-4063-8d5c-48e7c287f3eb/etc-hosts'],"['/usr/local/bin/containerd-shim-runc-v2', '/', '/bin/su']","['/usr/bin/bash', '/usr/bin/local-path-provisioner', '/', '/usr/bin/kubelet', '/usr/local/bin/kube-proxy', '/usr/bin/numactl', '/usr/local/bin/etcd', '/usr/local/bin/gosu', '/coredns']","[1, 1, 1, 1, 1]","['open', 'getattr', 'perm_check', 'read']",['write'],"['/usr/local/bin/docker-entrypoint.sh', '--timeout=1h', '--bind_ip_all', '--for=condition=available', 'deployments', 'default', '/bin/bash', '/pause', 'wait', 'mongod', '-n', 'kubectl', '--all']","['/usr/local/bin/docker-entrypoint.sh', 'bash', '/bin/bash', 'docker-entrypoint.sh', 'mongod']",50,0
61_1851734740_39482605,file,['/var/lib/docker/volumes/086e05398ec5faf0b032260465e2030d0a8539982842bab1b50b17b51451aafe/_data/lib/kubelet/pods/b3884efe-7911-4125-b986-9bb688a9fe29/etc-hosts'],"['/usr/local/bin/containerd-shim-runc-v2', '/']","['/usr/bin/kubelet', '/usr/local/bin/kube-proxy']","[1, 1, 1, 1, 1]",['getattr'],['write'],[],"['-client', '/bin/sh', '/usr/local/bin/docker-entrypoint.sh', '-dev', '0.0.0.0', '/usr/bin/dumb-init', 'agent', 'docker-entrypoint.sh']",2,0
61_1851734740_39490168,file,['/var/lib/docker/volumes/086e05398ec5faf0b032260465e2030d0a8539982842bab1b50b17b51451aafe/_data/lib/containerd/io.containerd.grpc.v1.cri/sandboxes/7bb1bfa6ca14cd8a98ec4e91467e10f6dd7780f844e6d41a898a43a9cc1ffae1/hostname'],"['/usr/local/bin/containerd-shim-runc-v2', '/']",['/usr/local/bin/containerd'],"[1, 1, 1, 1, 1]",['getattr'],['write'],[],"['/bin/bash', 'mongod', 'docker-entrypoint.sh', '/usr/local/bin/docker-entrypoint.sh']",2,0
61_1851734740_39490170,file,['/var/lib/docker/volumes/086e05398ec5faf0b032260465e2030d0a8539982842bab1b50b17b51451aafe/_data/lib/containerd/io.containerd.grpc.v1.cri/sandboxes/7bb1bfa6ca14cd8a98ec4e91467e10f6dd7780f844e6d41a898a43a9cc1ffae1/resolv.conf'],"['/usr/local/bin/containerd-shim-runc-v2', '/', '/bin/su']",['/usr/local/bin/containerd'],"[1, 1, 1, 1, 1]","['open', 'getattr', 'perm_check', 'read']",['write'],[],"['/usr/local/bin/docker-entrypoint.sh', 'bash', '/bin/bash', 'docker-entrypoint.sh', 'mongod']",65,0
61_1851734740_39490798,file,['/var/lib/docker/volumes/086e05398ec5faf0b032260465e2030d0a8539982842bab1b50b17b51451aafe/_data/lib/kubelet/pods/e1b312a0-7c87-4ae6-adad-0f947627dd1c/etc-hosts'],"['/usr/local/bin/containerd-shim-runc-v2', '/', '/bin/su']",['/usr/bin/kubelet'],"[1, 1, 1, 1, 1]","['open', 'getattr', 'perm_check', 'read']",['write'],[],"['/usr/local/bin/docker-entrypoint.sh', 'bash', '/bin/bash', 'docker-entrypoint.sh', 'mongod']",50,0
61_1851734740_39491628,file,['/var/lib/docker/volumes/086e05398ec5faf0b032260465e2030d0a8539982842bab1b50b17b51451aafe/_data/lib/containerd/io.containerd.grpc.v1.cri/sandboxes/3c3dc951342178afdbb0d875e5d512f1f6fc2a63ba6e78799081a5e34dbbb451/hostname'],"['/usr/local/bin/containerd-shim-runc-v2', '/']",['/usr/local/bin/containerd'],"[1, 1, 1, 1, 1]",['getattr'],['write'],[],['user'],2,0
61_1851734740_39491630,file,['/var/lib/docker/volumes/086e05398ec5faf0b032260465e2030d0a8539982842bab1b50b17b51451aafe/_data/lib/containerd/io.containerd.grpc.v1.cri/sandboxes/3c3dc951342178afdbb0d875e5d512f1f6fc2a63ba6e78799081a5e34dbbb451/resolv.conf'],"['/usr/local/bin/containerd-shim-runc-v2', '/']",['/usr/local/bin/containerd'],"[1, 1, 1, 1, 1]","['open', 'getattr', 'perm_check', 'read']",['write'],[],['user'],16,0
61_1851734740_39496214,file,['/var/lib/docker/volumes/086e05398ec5faf0b032260465e2030d0a8539982842bab1b50b17b51451aafe/_data/lib/kubelet/pods/4dde1997-2708-4f6a-a26f-62a46bcf3f3a/etc-hosts'],"['/usr/local/bin/containerd-shim-runc-v2', '/']","['/usr/bin/kubelet', '/', '/usr/local/bin/kube-scheduler', '/bin/dash', '/bin/kindnetd']","[1, 1, 1, 1, 1]",['getattr'],['write'],"['memcached', '/pause']","['docker-entrypoint.sh', '/bin/sh', 'memcached', '/usr/local/bin/docker-entrypoint.sh']",2,0
61_1851734740_39499269,file,['/var/lib/docker/volumes/086e05398ec5faf0b032260465e2030d0a8539982842bab1b50b17b51451aafe/_data/lib/containerd/io.containerd.grpc.v1.cri/sandboxes/136932690aebdb8dad5b2d9179c998a573933bc507fdfc5809d4938e1d7f477e/hostname'],"['/usr/local/bin/containerd-shim-runc-v2', '/']",['/usr/local/bin/containerd'],"[1, 1, 1, 1, 1]",['getattr'],['write'],[],"['/bin/bash', 'mongod', 'docker-entrypoint.sh', '/usr/local/bin/docker-entrypoint.sh']",2,0
61_1851734740_39499271,file,['/var/lib/docker/volumes/086e05398ec5faf0b032260465e2030d0a8539982842bab1b50b17b51451aafe/_data/lib/containerd/io.containerd.grpc.v1.cri/sandboxes/136932690aebdb8dad5b2d9179c998a573933bc507fdfc5809d4938e1d7f477e/resolv.conf'],"['/usr/local/bin/containerd-shim-runc-v2', '/', '/bin/su']",['/usr/local/bin/containerd'],"[1, 1, 1, 1, 1]","['open', 'getattr', 'perm_check', 'read']",['write'],[],"['/usr/local/bin/docker-entrypoint.sh', '/bin/bash', 'bash', 'docker-entrypoint.sh', 'mongod']",65,0
61_1851734740_39500752,file,['/var/lib/docker/volumes/086e05398ec5faf0b032260465e2030d0a8539982842bab1b50b17b51451aafe/_data/lib/kubelet/pods/cfe2fa49-9b61-4d57-99ef-0171c5bb3246/etc-hosts'],"['/usr/local/bin/containerd-shim-runc-v2', '/', '/bin/su']","['/usr/local/bin/kube-controller-manager', '/usr/bin/kubelet', '/', '/usr/bin/numactl']","[1, 1, 1, 1, 1]","['open', 'getattr', 'perm_check', 'read']",['write'],"['mongod', '--bind_ip_all', '/pause']","['/usr/local/bin/docker-entrypoint.sh', '/bin/bash', 'bash', 'docker-entrypoint.sh', 'mongod']",50,0
61_1851734740_39505441,file,['/var/lib/docker/volumes/086e05398ec5faf0b032260465e2030d0a8539982842bab1b50b17b51451aafe/_data/lib/containerd/io.containerd.grpc.v1.cri/sandboxes/0bde214d26eea31f1b48b1d72af3ac4fe4a584a4cc60c1a15a0803658595ce69/hostname'],"['/usr/local/bin/containerd-shim-runc-v2', '/']",['/usr/local/bin/containerd'],"[1, 1, 1, 1, 1]",['getattr'],['write'],[],"['mongod', 'docker-entrypoint.sh', '/usr/local/bin/docker-entrypoint.sh', '/bin/bash']",2,0
61_1851734740_39505443,file,['/var/lib/docker/volumes/086e05398ec5faf0b032260465e2030d0a8539982842bab1b50b17b51451aafe/_data/lib/containerd/io.containerd.grpc.v1.cri/sandboxes/0bde214d26eea31f1b48b1d72af3ac4fe4a584a4cc60c1a15a0803658595ce69/resolv.conf'],"['/usr/local/bin/containerd-shim-runc-v2', '/', '/bin/su']",['/usr/local/bin/containerd'],"[1, 1, 1, 1, 1]","['open', 'getattr', 'perm_check', 'read']",['write'],[],"['/usr/local/bin/docker-entrypoint.sh', 'bash', '/bin/bash', 'docker-entrypoint.sh', 'mongod']",65,0
61_1851734740_39506028,file,['/var/lib/docker/volumes/086e05398ec5faf0b032260465e2030d0a8539982842bab1b50b17b51451aafe/_data/lib/kubelet/pods/e3c213e6-9c58-4309-b2a2-4e04d326df3b/etc-hosts'],"['/usr/local/bin/containerd-shim-runc-v2', '/', '/bin/su']","['/usr/bin/bash', '/usr/bin/local-path-provisioner', '/', '/usr/bin/kubelet', '/usr/local/bin/kube-apiserver', '/usr/bin/numactl', '/coredns']","[1, 1, 1, 1, 1]","['open', 'getattr', 'perm_check', 'read']",['write'],"['--bind_ip_all', 'geo', '/pause', 'user', 'mongod', '/go/bin/all-in-one-linux']","['/usr/local/bin/docker-entrypoint.sh', 'bash', '/bin/bash', 'docker-entrypoint.sh', 'mongod']",50,0
61_1851734740_39510428,file,['/var/lib/docker/volumes/086e05398ec5faf0b032260465e2030d0a8539982842bab1b50b17b51451aafe/_data/lib/kubelet/pods/79998b13-040d-4f42-961a-b0d1177ef079/etc-hosts'],"['/usr/local/bin/containerd-shim-runc-v2', '/']","['/usr/bin/bash', '/usr/bin/local-path-provisioner', '/usr/bin/kubelet', '/usr/local/bin/kube-scheduler', '/coredns']","[1, 1, 1, 1, 1]","['open', 'getattr', 'perm_check', 'read']",['write'],"['--timeout=1h', '--for=condition=available', 'deployments', 'default', 'wait', '-n', 'kubectl', '--all']",['/go/bin/all-in-one-linux'],14,0
61_1851734740_39510789,file,['/system.slice/docker-32433c07730ab16dbdae002c72267957998d28bf140707c3b95a566524437fe3.scope/kubelet/kubepods/burstable/pod79998b13-040d-4f42-961a-b0d1177ef079/023ee6600a2e427893a823519919acc04ab72d3dc732260cc02162bd8bb8ba7c/cpu.cfs_period_us'],"['/usr/local/bin/containerd-shim-runc-v2', '/']","['/usr/local/bin/containerd-shim-runc-v2', '/']","[1, 1, 1, 1, 1]","['open', 'perm_check', 'read']",['write'],"['--root', '--log', '--bundle', 'json', 'runc', 'create', '/run/containerd/io.containerd.runtime.v2.task/k8s.io/023ee6600a2e427893a823519919acc04ab72d3dc732260cc02162bd8bb8ba7c/init.pid', '--pid-file', '/run/containerd/io.containerd.runtime.v2.task/k8s.io/023ee6600a2e427893a823519919acc04ab72d3dc732260cc02162bd8bb8ba7c', '--log-format', '023ee6600a2e427893a823519919acc04ab72d3dc732260cc02162bd8bb8ba7c', '/run/containerd/runc/k8s.io', '/run/containerd/io.containerd.runtime.v2.task/k8s.io/023ee6600a2e427893a823519919acc04ab72d3dc732260cc02162bd8bb8ba7c/log.json']",['/go/bin/all-in-one-linux'],3,0
61_1851734740_39510797,file,['/system.slice/docker-32433c07730ab16dbdae002c72267957998d28bf140707c3b95a566524437fe3.scope/kubelet/kubepods/burstable/pod79998b13-040d-4f42-961a-b0d1177ef079/023ee6600a2e427893a823519919acc04ab72d3dc732260cc02162bd8bb8ba7c/cpu.cfs_quota_us'],"['/usr/local/bin/containerd-shim-runc-v2', '/']","['/usr/local/bin/containerd-shim-runc-v2', '/']","[1, 1, 1, 1, 1]","['read', 'perm_check', 'open']",['write'],"['--root', '--log', '--bundle', 'json', 'runc', 'create', '/run/containerd/io.containerd.runtime.v2.task/k8s.io/023ee6600a2e427893a823519919acc04ab72d3dc732260cc02162bd8bb8ba7c/init.pid', '--pid-file', '/run/containerd/io.containerd.runtime.v2.task/k8s.io/023ee6600a2e427893a823519919acc04ab72d3dc732260cc02162bd8bb8ba7c', '--log-format', '023ee6600a2e427893a823519919acc04ab72d3dc732260cc02162bd8bb8ba7c', '/run/containerd/runc/k8s.io', '/run/containerd/io.containerd.runtime.v2.task/k8s.io/023ee6600a2e427893a823519919acc04ab72d3dc732260cc02162bd8bb8ba7c/log.json']",['/go/bin/all-in-one-linux'],3,0
61_1851734740_39513179,file,['/var/lib/docker/volumes/086e05398ec5faf0b032260465e2030d0a8539982842bab1b50b17b51451aafe/_data/lib/kubelet/pods/4eb0852d-fe1b-40d5-a725-e2a78d3fe166/etc-hosts'],"['/usr/local/bin/containerd-shim-runc-v2', '/']","['/usr/bin/bash', '/usr/bin/kubelet', '/usr/bin/local-path-provisioner', '/', '/usr/local/bin/kube-scheduler', '/usr/local/bin/kube-controller-manager', '/usr/local/bin/kube-apiserver', '/usr/local/bin/kube-proxy', '/sbin/su-exec', '/bin/busybox', '/usr/bin/numactl', '/bin/dash', '/bin/su', '/usr/local/bin/etcd', '/bin/kindnetd', '/coredns']","[1, 1, 1, 1, 1]","['open', 'getattr', 'perm_check', 'read']",['write'],"['-client', '/usr/local/bin/docker-entrypoint.sh', 'geo', 'ash', 'mongod', '--bind_ip_all', 'bash', '/bin/bash', 'rate', '/pause', 'agent', 'user', '-config-dir=/consul/config', 'frontend', '/go/bin/all-in-one-linux', 'memcached', '/bin/sh', 'reservation', '0.0.0.0', 'recommendation', '/usr/bin/dumb-init', 'docker-entrypoint.sh', 'search', 'consul', '-data-dir=/consul/data', '-dev', 'su']",['profile'],19,0
61_1851734740_39518522,file,['/var/lib/docker/volumes/086e05398ec5faf0b032260465e2030d0a8539982842bab1b50b17b51451aafe/_data/lib/kubelet/pods/eb210d1e-bea9-4910-a0d1-2a258b9bbbd9/etc-hosts'],"['/usr/local/bin/containerd-shim-runc-v2', '/']","['/usr/bin/bash', '/usr/bin/kubelet', '/usr/bin/local-path-provisioner', '/', '/usr/local/bin/kube-scheduler', '/usr/local/bin/kube-controller-manager', '/usr/local/bin/kube-apiserver', '/usr/local/bin/kube-proxy', '/sbin/su-exec', '/bin/busybox', '/usr/bin/numactl', '/bin/dash', '/bin/su', '/usr/local/bin/etcd', '/bin/kindnetd', '/coredns']","[1, 1, 1, 1, 1]","['open', 'getattr', 'perm_check', 'read']",['write'],"['-client', '/usr/local/bin/docker-entrypoint.sh', 'geo', 'ash', 'mongod', '30', '--bind_ip_all', 'profile', 'bash', '/bin/bash', '-d', 'rate', '/pause', 'agent', 'user', '-R', '-config-dir=/consul/config', 'frontend', '/go/bin/all-in-one-linux', 'memcached', './scripts/hotel-reservation/mixed-workload_type_1.lua', '/bin/sh', 'reservation', '-c', '0.0.0.0', 'recommendation', '/usr/bin/dumb-init', 'docker-entrypoint.sh', 'search', '-L', 'consul', '-data-dir=/consul/data', '-t', '-dev', './wrk', '-s', 'su', 'http://10.244.0.85:5000', 'exp', '2', '-D']",['rate'],19,0
61_1851734740_39522520,file,['/var/lib/docker/volumes/086e05398ec5faf0b032260465e2030d0a8539982842bab1b50b17b51451aafe/_data/lib/kubelet/pods/d018923f-1ab4-4834-9f0e-4654efebc230/etc-hosts'],"['/usr/local/bin/containerd-shim-runc-v2', '/']","['/usr/bin/bash', '/usr/bin/kubelet', '/usr/bin/local-path-provisioner', '/', '/usr/local/bin/kube-scheduler', '/usr/local/bin/kube-controller-manager', '/usr/local/bin/kube-apiserver', '/usr/local/bin/kube-proxy', '/sbin/su-exec', '/bin/busybox', '/usr/bin/numactl', '/bin/dash', '/bin/su', '/usr/local/bin/etcd', '/bin/kindnetd', '/coredns']","[1, 1, 1, 1, 1]","['open', 'getattr', 'perm_check', 'read']",['write'],"['-client', '/usr/local/bin/docker-entrypoint.sh', 'geo', 'ash', 'exec', 'mongod', '-i', '--bind_ip_all', 'profile', 'crictl', 'bash', '/bin/bash', 'rate', '/pause', 'agent', 'user', '-config-dir=/consul/config', 'frontend', '/go/bin/all-in-one-linux', 'memcached', '111a307dbc79b', '/bin/sh', 'reservation', '0.0.0.0', 'recommendation', '/usr/bin/dumb-init', 'docker-entrypoint.sh', 'search', 'consul', '-data-dir=/consul/data', '-t', '-dev', 'su']",['reservation'],19,0
61_1851734740_39526868,file,['/var/lib/docker/volumes/086e05398ec5faf0b032260465e2030d0a8539982842bab1b50b17b51451aafe/_data/lib/kubelet/pods/92ced63c-1d6f-404d-ad00-ebe0ca19c62f/etc-hosts'],"['/usr/local/bin/containerd-shim-runc-v2', '/']","['/usr/bin/kubelet', '/', '/coredns']","[1, 1, 1, 1, 1]","['read', 'getattr', 'perm_check', 'open']",['write'],['/pause'],['recommendation'],14,0
61_1851734740_39532994,file,['/var/lib/docker/volumes/086e05398ec5faf0b032260465e2030d0a8539982842bab1b50b17b51451aafe/_data/lib/kubelet/pods/dcf9860f-23c8-4bbd-b176-db16a0222cea/etc-hosts'],"['/usr/local/bin/containerd-shim-runc-v2', '/']","['/usr/bin/kubelet', '/usr/bin/local-path-provisioner', '/', '/usr/local/bin/kube-controller-manager', '/usr/local/bin/kube-proxy', '/usr/local/bin/kube-apiserver', '/sbin/su-exec', '/bin/busybox', '/usr/bin/numactl', '/bin/dash', '/bin/su', '/usr/local/bin/etcd', '/bin/kindnetd', '/coredns']","[1, 1, 1, 1, 1]","['open', 'getattr', 'perm_check', 'read']",['write'],"['-client', '/usr/local/bin/docker-entrypoint.sh', 'geo', 'ash', 'mongod', '--bind_ip_all', 'profile', 'bash', 'rate', '/pause', 'agent', 'user', '-config-dir=/consul/config', 'frontend', '/go/bin/all-in-one-linux', 'memcached', '/bin/sh', 'reservation', '0.0.0.0', 'recommendation', '/usr/bin/dumb-init', 'docker-entrypoint.sh', 'search', 'consul', '-data-dir=/consul/data', '-dev', 'su']",['search'],6,0
61_1851734740_39535548,file,['/var/lib/docker/volumes/086e05398ec5faf0b032260465e2030d0a8539982842bab1b50b17b51451aafe/_data/lib/kubelet/pods/db91e31f-47b8-4ddf-906c-6f22b662c93a/etc-hosts'],"['/usr/local/bin/containerd-shim-runc-v2', '/']","['/usr/bin/kubelet', '/usr/bin/numactl', '/bin/dash', '/usr/local/bin/kube-apiserver']","[1, 1, 1, 1, 1]",['getattr'],['write'],"['mongod', '--bind_ip_all', 'memcached']","['/usr/local/bin/docker-entrypoint.sh', '/bin/sh', 'docker-entrypoint.sh', 'memcached']",2,0
61_1851734740_39538461,file,['/var/lib/docker/volumes/086e05398ec5faf0b032260465e2030d0a8539982842bab1b50b17b51451aafe/_data/lib/kubelet/pods/fab89cc5-583e-4472-8b1c-3c92c79fb175/etc-hosts'],"['/usr/local/bin/containerd-shim-runc-v2', '/']","['/usr/bin/bash', '/usr/bin/kubelet', '/usr/bin/local-path-provisioner', '/', '/usr/local/bin/kube-scheduler', '/usr/local/bin/kube-controller-manager', '/usr/local/bin/kube-apiserver', '/usr/local/bin/kube-proxy', '/sbin/su-exec', '/bin/busybox', '/usr/bin/numactl', '/bin/dash', '/bin/su', '/usr/local/bin/etcd', '/bin/kindnetd', '/coredns']","[1, 1, 1, 1, 1]",['getattr'],['write'],"['-client', '/usr/local/bin/docker-entrypoint.sh', 'geo', 'ash', 'mongod', '--bind_ip_all', 'profile', 'bash', 'rate', '/pause', 'agent', 'user', '-config-dir=/consul/config', 'frontend', '/go/bin/all-in-one-linux', 'memcached', '/bin/sh', 'reservation', '0.0.0.0', 'recommendation', '/usr/bin/dumb-init', 'docker-entrypoint.sh', 'search', 'consul', '-data-dir=/consul/data', '-dev', 'su']","['docker-entrypoint.sh', '/bin/sh', 'memcached', '/usr/local/bin/docker-entrypoint.sh']",2,0
61_1851734740_39541435,file,['/var/lib/docker/volumes/086e05398ec5faf0b032260465e2030d0a8539982842bab1b50b17b51451aafe/_data/lib/kubelet/pods/f58c819c-2866-469a-98db-efbea4f00c2d/etc-hosts'],"['/usr/local/bin/containerd-shim-runc-v2', '/']","['/usr/bin/kubelet', '/', '/bin/dash']","[1, 1, 1, 1, 1]","['read', 'getattr', 'perm_check', 'open']",['write'],"['frontend', 'memcached', '/pause']",['user'],13,0
61_1851734740_681215,file,['/system.slice/docker-32433c07730ab16dbdae002c72267957998d28bf140707c3b95a566524437fe3.scope/cgroup.procs'],"['/usr/bin/bash', '/usr/bin/kubelet']",['/usr/bin/containerd-shim-runc-v2'],"[1, 1, 1, 1, 1]","['open', 'getattr', 'perm_check', 'read']",['write'],"['--root', '--log', '--detach', '32433c07730ab16dbdae002c72267957998d28bf140707c3b95a566524437fe3', '/run/containerd/io.containerd.runtime.v2.task/moby/32433c07730ab16dbdae002c72267957998d28bf140707c3b95a566524437fe3/log.json', '--console-socket', 'runc', '/run/containerd/io.containerd.runtime.v2.task/moby/32433c07730ab16dbdae002c72267957998d28bf140707c3b95a566524437fe3/5ddc000c8098ba815c9d16e9f126796567d1d44de95aa121a58143812e05772a.pid', '/var/run/docker/runtime-runc/moby', '/tmp/runc-process474541750', '--systemd-cgroup', '--process', '--log-format', '--pid-file', 'exec', 'json', '/tmp/pty375338483/pty.sock']",[],56,0
61_1851734740_684191,file,['/xtables.lock'],"['/bin/kindnetd', '/usr/bin/kubelet', '/usr/local/bin/kube-proxy']","['/bin/kindnetd', '/usr/bin/kubelet', '/usr/local/bin/kube-proxy']","[0, 0, 0, 0, 0]","['open', 'perm_check']",['file_lock'],"['-W', '--comment', 'filter', '-C', '10.244.0.0/16', 'iptables', 'kind-masq-agent: ensure nat POSTROUTING directs all non-LOCAL destination traffic to our custom KIND-MASQ-AGENT chain', '/usr/sbin/iptables', 'comment', 'RETURN', 'KUBE-FORWARD', 'KUBE-SERVICES', '--dst-type', 'kubernetes postrouting rules', 'FORWARD', 'KUBE-NODEPORTS', 'PREROUTING', '-m', 'addrtype', 'NEW', 'INPUT', '-N', '-d', '100000', 'nat', 'kind-masq-agent: outbound traffic is subject to MASQUERADE (must be last in chain)', 'KUBE-PROXY-CANARY', '--ctstate', '5', 'POSTROUTING', 'MASQUERADE', 'KUBE-EXTERNAL-SERVICES', 'mangle', '--wait', 'OUTPUT', 'LOCAL', 'KUBE-POSTROUTING', 'kubernetes forwarding rules', '--counters', '--noflush', '!', '-w', 'kubernetes health check service ports', '-t', 'conntrack', 'kubernetes service portals', 'kubernetes externally-visible service portals', 'kind-masq-agent: local traffic is not subject to MASQUERADE', '-j', 'KIND-MASQ-AGENT', '-S', 'ip6tables', 'KUBE-MARK-DROP', 'KUBE-KUBELET-CANARY', 'iptables-restore']","['-W', '--comment', 'filter', '-C', '10.244.0.0/16', 'iptables', 'kind-masq-agent: ensure nat POSTROUTING directs all non-LOCAL destination traffic to our custom KIND-MASQ-AGENT chain', '/usr/sbin/iptables', 'comment', 'RETURN', 'KUBE-FORWARD', 'KUBE-SERVICES', '--dst-type', 'FORWARD', 'kubernetes postrouting rules', 'KUBE-NODEPORTS', 'PREROUTING', '-m', 'addrtype', 'NEW', 'INPUT', '-N', '-d', '100000', 'nat', 'kind-masq-agent: outbound traffic is subject to MASQUERADE (must be last in chain)', 'KUBE-PROXY-CANARY', '--ctstate', '5', 'POSTROUTING', 'MASQUERADE', 'KUBE-EXTERNAL-SERVICES', 'mangle', '--wait', 'OUTPUT', 'LOCAL', 'KUBE-POSTROUTING', 'kubernetes forwarding rules', '--counters', '!', '--noflush', '-w', 'kubernetes health check service ports', '-t', 'conntrack', 'kubernetes service portals', 'kubernetes externally-visible service portals', 'kind-masq-agent: local traffic is not subject to MASQUERADE', '-j', 'KIND-MASQ-AGENT', '-S', 'ip6tables', 'KUBE-MARK-DROP', 'KUBE-KUBELET-CANARY', 'iptables-restore']",206,1